SPECIES;LOCALITY;DATE;SEX;GEOGRAPHY;GROUP;SVL;HL;HW;HH;FLL;HLL;EL;NED;EED;IORD;SW;TD;TOL;FIL;FIPL;IPW;PW;PL;MSOL;SDLT;SDLF;NSL;NIL;NDS;NVS;RVS;NEE
Heremites vittatus;between Cizre and Silopi 5 km., Þýrnak, Turkey;10.04.2006;male;Arabian;Arabian_male;77.25;15.01;8.43;6.62;17.34;26.33;4.59;3.52;4.47;5.31;4.19;2.19;8.55;5.2;8.17;1.98;3.71;2.28;2.61;17;11;7;7;30;42;8;6
Heremites vittatus;between Cizre and Silopi 5 km., Þýrnak, Turkey;10.04.2006;male;Arabian;Arabian_male;62.86;12.78;7.36;5.61;14.66;22.06;3.4;3.07;3.39;4.35;3.22;1.35;7.8;4.47;7.04;2.16;3.26;2.31;1.97;16;12;7;7;31;40;8;6
Heremites vittatus;Silopi, Þýrnak, Turkey;8.04.2006;male;Arabian;Arabian_male;80.16;14.99;9.01;7.33;14.04;28.98;4.47;3.56;4.15;5.92;4.29;2.08;9.86;5.28;8.3;2.31;3.9;2.71;2.83;15;10;7;7;32;41;8;6
Heremites vittatus;Silopi, Þýrnak, Turkey;8.04.2006;male;Arabian;Arabian_male;69.36;13.81;7.54;6.36;16.51;23.83;3.74;3.32;3.86;5.06;3.73;1.42;8.29;4.05;7.2;1.74;3.46;2.61;2.37;16;10;7;7;32;43;8;6
Heremites vittatus;Silopi, Þýrnak, Turkey;8.04.2006;male;Arabian;Arabian_male;76;14.89;8.73;7.14;17.91;26.37;4.34;3.77;4.22;5.43;3.83;1.43;7.88;4.52;8.07;2.31;3.7;2.93;2.38;16;11;7;7;33;43;8;7
Heremites vittatus;Silopi, Þýrnak, Turkey;8.04.2006;male;Arabian;Arabian_male;75.01;14.05;7.82;6.42;15.67;24.39;3.71;3.52;3.92;4.91;4.09;1.5;8.83;4.42;7.33;1.57;3.65;2.63;2.59;17;11;7;7;32;43;8;6
Heremites vittatus;Silopi, Þýrnak, Turkey;8.04.2006;male;Arabian;Arabian_male;68.61;13.28;8.11;6.77;15.94;23.5;3.7;3.12;3.96;4.86;3.89;1.32;8.47;4.65;7.04;2.01;3.5;2.55;2.24;16;10;7;7;32;41;8;6
Heremites vittatus;Silopi, Þýrnak, Turkey;8.04.2006;male;Arabian;Arabian_male;74.48;14.07;8.44;7.04;15.94;25.12;4.66;3.35;3.85;5.52;4.54;1.59;7.81;5.09;8.18;1.93;3.51;2.54;2.48;16;12;7;7;32;40;10;6
Heremites vittatus;Silopi, Þýrnak, Turkey;8.04.2006;male;Arabian;Arabian_male;72.22;14.13;8.33;6.03;15.11;26.33;3.89;3.41;3.94;5.24;3.92;1.04;8.99;4.96;7.55;1.75;3.4;2.38;2.22;16;11;7;7;31;44;8;6
Heremites vittatus;Silopi, Þýrnak, Turkey;10.05.2011;male;Arabian;Arabian_male;75.35;14.08;8.78;6.95;16.66;24.97;4.6;3.38;3.98;6.11;4.34;1.64;8.12;4.82;7.95;1.98;3.68;2.77;2.44;17;12;7;7;32;43;8;6
Heremites vittatus;Silopi, Þýrnak, Turkey;10.05.2011;male;Arabian;Arabian_male;72.4;14.31;8.03;6.24;15.2;23.98;4.24;3.06;3.84;5.73;4.28;1.42;8.15;5.08;7.86;1.75;3.38;2.93;2.41;17;11;7;7;32;43;8;7
Heremites vittatus;Silopi, Þýrnak, Turkey;10.05.2011;male;Arabian;Arabian_male;71.47;13.9;7.93;6.14;16.23;24.26;3.95;3.13;3.63;4.89;3.88;1.34;8.06;5.22;7.46;2;3.65;2.61;2.46;18;11;7;7;34;42;8;6
Heremites vittatus;Silopi, Þýrnak, Turkey;10.05.2011;male;Arabian;Arabian_male;59.87;11.69;6.53;5.21;13.9;19.64;3.5;2.84;2.94;4.63;3.3;1.54;7.54;4.19;6.47;1.79;2.75;2.34;1.93;17;12;7;7;33;43;8;6
Heremites vittatus;between Diyarbakýr and Siverek 48. km., Turkey;31.04.2005;male;Arabian;Arabian_male;78.5;14.56;8.44;6.16;17.09;25.67;3.54;3.9;4.39;4.83;3.82;1.43;8.28;4.21;7.98;2.12;4.04;2.78;2.46;17;11;7;7;32;43;8;7
Heremites vittatus;between Diyarbakýr and Siverek 48. km., Turkey;31.04.2005;male;Arabian;Arabian_male;75.64;14.14;7.85;6.37;17.7;26.33;3.25;4.11;4.16;5.05;3.16;1.18;8.72;4.46;7.72;1.94;3.82;2.75;2.55;16;10;7;7;30;43;8;6
Heremites vittatus;between Diyarbakýr and Siverek 48. km., Turkey;31.04.2005;male;Arabian;Arabian_male;72.26;13.35;7.83;6.5;16.71;25.88;3.35;3.4;3.79;5.28;3.97;1.44;7.95;4.2;7.51;2.04;3.67;2.86;2.54;17;12;7;7;34;47;8;7
Heremites vittatus;between Viranþehir and Þanlýurfa 27 km., Turkey;11.04.2006;male;Arabian;Arabian_male;80.18;14.85;8.68;6.71;16.73;26.36;3.98;3.55;4.34;5.63;4.39;1.61;8.91;4.47;8.43;1.86;4.05;2.98;2.57;18;12;7;7;32;42;8;7
Heremites vittatus;Güzelyat, Ceylanpýnar, Þanlýurfa, Turkey;3.05.2001;male;Arabian;Arabian_male;71.09;14.6;8.15;5.96;16.96;25.32;3.91;3.5;3.98;5.48;4.26;1.53;9.23;4.62;7.63;1.64;3.53;2.66;2.32;17;12;7;7;32;41;8;6
Heremites vittatus;Eskisavaþan village, Halfeti, Þanlýurfa, Turkey;12.04.2006;male;Arabian;Arabian_male;62.17;13.11;7.04;5.61;15.33;21.22;3.96;3.06;3.24;4.48;3.43;1.4;7.23;4.5;6.83;1.7;2.72;2.54;2.65;16;12;7;7;31;42;8;6
Heremites vittatus;between Siverek and Karakeçi 8. km, Þanlýurfa, Turkey;25.05.2006;male;Arabian;Arabian_male;75.24;12.88;8.23;6.57;19.03;28.29;3.69;3.81;3.7;6.24;3.83;1.62;9.4;4.53;7.69;2.08;3.81;2.61;2.56;16;12;7;7;32;43;8;6
Heremites vittatus;Between Þanlýurfa and Hilvan, Turkey;27.04.2005;male;Arabian;Arabian_male;64.01;13.25;7.57;5.63;15.58;22.66;3.33;2.76;3.41;4.43;3.05;1.46;7.14;4.7;6.98;1.63;3.36;2.16;2.11;16;10;7;7;30;41;8;6
Heremites vittatus;Between Þanlýurfa and Hilvan, Turkey;27.04.2005;male;Arabian;Arabian_male;59.81;12.88;6.56;5.17;15.49;20.39;3.32;3.16;3.38;4.13;3.49;1.28;7.76;4.2;7.17;1.75;3.02;2.28;2.43;16;10;7;7;31;46;8;6
Heremites vittatus;Eskihalfeti, Þanlýurfa, Turkey;12.04.2006;male;Arabian;Arabian_male;62.21;12.97;7.06;5.46;15.18;22.81;3.43;3.21;3.5;4.42;4;1.44;7.44;4.61;7.15;1.65;3.4;2.3;2.21;15;10;7;7;32;41;8;6
Heremites vittatus;Eskihalfeti, Þanlýurfa, Turkey;12.04.2006;male;Arabian;Arabian_male;71.55;13.44;8.02;6.23;16.11;23.6;4.05;3.49;3.95;5.21;4.05;1.18;8.65;4.94;7.85;1.83;3.5;2.79;2.55;16;11;7;7;31;40;8;6
Heremites vittatus;between Araban and Besni 5 km., Adýyaman, Turkey;22.04.2005;male;Arabian;Arabian_male;74.45;14.47;8.35;6.98;16.57;26.34;4.23;3.27;3.65;5.54;3.47;1.84;7.88;5.02;7.82;1.9;3.74;2.68;2.24;17;12;7;7;32;42;8;7
Heremites vittatus;Baðpýnar, Adýyaman, Turkey;28.04.2001;male;Arabian;Arabian_male;69.94;14.02;7.93;6.67;16.81;26.62;4.07;3.07;3.97;5.44;3.4;1.48;7.95;4.54;7.52;1.81;3.5;2.66;2.19;17;11;7;7;34;44;8;6
Heremites vittatus;Baðpýnar, Adýyaman, Turkey;28.04.2001;male;Arabian;Arabian_male;57.52;12.19;6.2;5.16;14.58;21.36;3.48;2.82;3.62;4.63;3.53;1.28;8.18;4.21;6.82;1.63;3.17;2.25;2.08;18;11;7;7;32;43;8;6
Heremites vittatus;Baðpýnar, Adýyaman, Turkey;28.04.2001;male;Arabian;Arabian_male;68.39;13.79;7.51;6.15;16.8;26.25;4.34;3.23;3.71;5.39;3.51;1.53;8.89;4.7;7.29;2.02;3.46;2.47;2.61;16;12;7;7;32;40;8;6
Heremites vittatus;Gerger, Adýyaman, Turkey;10.06.2005;male;Arabian;Arabian_male;65.47;13.03;7.54;6.04;14.83;24.4;3.79;3.75;2.81;5.13;3.6;1.42;8.25;4.18;6.76;1.52;3.17;2.64;2.52;16;12;7;7;33;40;8;6
Heremites vittatus;Dokurcun village, between Gaziantep and Kilis, Turkey;23.04.2005;male;Arabian;Arabian_male;79.2;14.89;9.03;7.08;19.1;28.08;4.1;3.59;5.04;5.6;4.56;1.85;9.36;5.14;7.89;1.91;3.43;2.56;2.55;17;11;7;7;32;43;8;6
Heremites vittatus;Dokurcun village, between Gaziantep and Kilis, Turkey;23.04.2005;male;Arabian;Arabian_male;72.97;14.6;8.6;6.88;17.48;26.21;4.1;3.38;4.17;5.7;3.74;2.11;7.79;4.34;7.64;1.85;3.53;2.39;2.6;16;12;7;7;31;41;8;6
Heremites vittatus;Dokurcun village, between Gaziantep and Kilis, Turkey;23.04.2005;male;Arabian;Arabian_male;70.61;13.36;8.03;5.86;17.05;24.98;3.88;3.21;3.49;5.11;3.29;1.31;7.75;4.62;7.16;1.97;3.32;2.24;2.33;15;12;7;7;32;42;10;7
Heremites vittatus;Dokurcun village, between Gaziantep and Kilis, Turkey;23.04.2005;male;Arabian;Arabian_male;60.05;12.26;6.84;5.67;14.33;20.78;3.69;2.91;3.29;4.52;3.38;1.63;7.26;3.84;7.14;1.8;2.81;2.56;1.9;17;12;7;7;33;44;8;6
Heremites vittatus;Dokurcun village, between Gaziantep and Kilis, Turkey;23.04.2005;male;Arabian;Arabian_male;63.68;13.06;7.21;5.88;15.97;21.97;3.95;3.08;2.78;4.31;3.13;1.55;6.89;4.1;7.13;1.8;3.19;2.27;2.15;18;12;7;7;32;43;8;6
Heremites vittatus;Dokurcun village, between Gaziantep and Kilis, Turkey;23.04.2005;male;Arabian;Arabian_male;78.32;14.93;9.07;7.12;19.09;27.83;4.17;3.64;4.27;5.15;4.02;1.83;9.11;5.86;7.96;2.01;3.74;2.56;2.26;17;12;7;7;31;44;8;6
Heremites vittatus;between Hassa and Kilis 32. km. , Turkey;14.04.2006;male;Arabian;Arabian_male;63.4;12.75;7.22;5.63;14.48;22.17;4.08;3.22;3.38;4.59;3.42;1.54;7.71;3.38;6.93;1.7;3.01;2.45;2.01;16;12;7;7;32;43;8;6
Heremites vittatus;between Polateli and Kilis 4 km., Turkey;14.04.2006;male;Arabian;Arabian_male;75.8;15.11;9.1;7;17.93;26.49;4.53;3.48;4.02;5.65;4.25;1.67;8.87;4.85;8.43;2.03;3.13;2.89;2.49;15;10;7;7;31;42;8;6
Heremites vittatus;Kemaliye village, between Kilis and Elbeyli, Turkey ;24.04.2005;male;Arabian;Arabian_male;76.41;14.92;9;6.93;17.43;26.92;4.01;3.65;4.18;5.27;4.2;1.86;9.11;5.01;7.99;2.2;3.74;2.73;1.93;17;12;7;7;32;42;8;7
Heremites vittatus;Kemaliye village, between Kilis and Elbeyli, Turkey ;24.04.2005;male;Arabian;Arabian_male;75.63;14.81;8.42;6.36;18.17;27.04;4.28;3.67;3.78;5.46;4.12;1.58;9.48;5.15;8.69;2.19;3.44;2.76;2.25;17;12;7;7;34;46;8;6
Heremites vittatus;Kilis, Turkey;10.05.1987;male;Arabian;Arabian_male;78.99;14.91;8.58;7.26;18.26;27.86;4.43;3.49;4.05;5.43;3.76;1.75;8.84;4.65;8.27;2.28;3.39;2.72;2.35;17;12;7;7;32;43;8;6
Heremites vittatus;Kilis, Turkey;10.05.1987;male;Arabian;Arabian_male;69.65;13.64;7.59;6.18;15.33;24.8;4.37;3.14;3.12;4.49;4.07;1.14;8.86;4.85;7.45;1.65;3;2.89;2.23;17;12;7;7;33;43;10;6
Heremites vittatus;Islahiye, Gaziantep, Turkey;8.09.1999;male;Arabian;Arabian_male;59.95;12.12;6.65;5.11;15.21;21.8;2.84;3.36;4.12;4.1;3.7;1.22;7.29;4.07;6.87;1.7;3.03;2.54;1.96;18;12;7;7;34;43;10;6
Heremites vittatus;Nurdaðý, Gaziantep, Turkey;8.09.1999;male;Arabian;Arabian_male;65.27;12.1;6.75;5.55;16.43;23.74;3.06;3.56;3.57;4;3.19;1.89;8.58;4.41;6.72;2.39;3.01;2.88;2.04;18;12;7;7;32;44;8;6
Heremites vittatus;Zincirlihöyük, Fevzipaþa, Islahiye, Gaziantep, Turkey;14.04.2006;male;Arabian;Arabian_male;69.97;13.22;6.85;5.69;15.73;24.19;3.59;2.89;3.5;4.85;3.72;1.11;7.89;4.17;7.2;1.89;3.3;2.5;2.6;17;11;7;7;30;45;8;6
Heremites vittatus;Zincirlihöyük, Fevzipaþa, Islahiye, Gaziantep, Turkey;14.04.2006;male;Arabian;Arabian_male;74.02;14.82;8.05;6.17;17.82;25.53;4.24;3.55;3.81;5.49;4.13;1.42;9.14;4.84;8.06;2.01;3.72;2.89;2.42;18;12;7;7;30;42;8;6
Heremites vittatus;Zincirlihöyük, Fevzipaþa, Islahiye, Gaziantep, Turkey;14.04.2006;male;Arabian;Arabian_male;66.83;13.73;7.56;5.26;15.01;24.17;3.62;3.2;3.71;5.22;3.16;1.59;8.49;4.7;7.18;1.77;3.38;2.62;2.29;17;11;7;7;31;42;8;6
Heremites vittatus;Sakçagözü, Nurdaðý, Gaziantep, Turkey;29.04.2014;male;Arabian;Arabian_male;65.83;13.03;7.22;6.21;15.43;24.09;3.86;3.27;3.57;4.94;3.92;1.33;7.7;4.27;7.25;1.82;3.06;2.62;2.57;15;11;7;7;32;40;10;6
Heremites vittatus;Sakçagözü, Nurdaðý, Gaziantep, Turkey;29.04.2014;male;Arabian;Arabian_male;59.38;12.25;6.91;5.35;13.65;20.79;3.38;2.73;3.16;4.8;3.69;1.08;6.99;4.68;6.68;1.4;2.61;1.95;2.06;16;10;7;7;32;41;10;6
Heremites vittatus;Burç village, Gaziantep, Turkey;20.02.1995;male;Arabian;Arabian_male;67.95;13.22;7.38;6.21;16.37;24.06;3.64;3.52;3.14;5.04;3.97;1.19;8.18;4.35;7.75;1.94;3.25;2.39;2.36;18;13;7;7;32;43;8;6
Heremites vittatus;Burç village, Gaziantep, Turkey;30.04.1996;male;Arabian;Arabian_male;79.81;14.12;8.72;7.26;17.48;27.85;3.6;4.03;4.62;5.5;3.51;2.06;8.81;4.28;8.67;1.95;3.71;2.51;2.2;16;11;7;7;32;45;8;6
Heremites vittatus;Burç village, Gaziantep, Turkey;30.04.1996;male;Arabian;Arabian_male;63.19;12.39;7.14;5.6;16.27;23.76;2.98;3.25;3.72;4.42;3.43;1.39;6.91;3.1;6.87;1.65;3;2.33;1.97;16;11;7;7;32;44;8;6
Heremites vittatus;Burç village, Gaziantep, Turkey;30.04.1996;male;Arabian;Arabian_male;58.81;12.64;6.35;5.26;15.81;23.09;3.23;3.39;3.45;4.77;3.16;1.11;6.45;3.93;7.11;1.54;3.22;2.6;2.38;16;11;7;7;32;42;8;6
Heremites vittatus;Çevlik, Samandað, Hatay, Turkey;19.07.1998;male;Arabian;Arabian_male;81.19;15.38;9.36;6.85;16.96;28.47;4.41;3.6;4.45;5.4;4.28;1.76;9.84;4.65;7.56;1.73;4;2.6;2.81;18;12;7;7;30;40;8;6
Heremites vittatus;Botaþ, Ýskenderun, Hatay, Turkey;15.05.2009;male;Arabian;Arabian_male;66.11;12.91;7.59;6.19;13.99;23.23;3.47;3.09;3.21;4.98;3.28;1.47;8.16;5.02;7.02;1.87;3.17;2.51;2.39;17;11;7;7;32;44;8;6
Heremites vittatus;Botaþ, Ýskenderun, Hatay, Turkey;15.05.2009;male;Arabian;Arabian_male;68.39;13.04;7.8;5.53;16.29;24.93;3.3;2.82;3.36;5.23;3.91;1.21;7.23;4.17;7.05;1.77;3.13;2.05;2.25;17;11;7;7;32;41;8;6
Heremites vittatus;Çiftlikköyü, Altýnöüzü, Hatay, Turkey;31.03.1999;male;Arabian;Arabian_male;80.69;15.25;8.47;6.75;18.04;28.85;3.63;4.12;5.1;5.34;4.25;1.8;8.67;3.98;8.48;2.31;4.12;2.87;2.58;15;11;7;7;32;40;8;6
Heremites vittatus;Sutaþý, Samandað, Hatay, Turkey;1.04.1999;male;Arabian;Arabian_male;84.41;15.4;9.33;7.16;18.47;26.74;3.59;4.51;5.39;5.97;4.55;1.99;8.35;4.67;8.95;1.8;3.69;2.75;2.88;15;10;7;7;32;47;8;7
Heremites vittatus;Deniz, Samandað, Hatay, Turkey;18.07.1998;male;Arabian;Arabian_male;75.09;14.6;8.53;6.71;17.58;28.75;3.65;3.32;4.33;4.99;3.55;1.35;8.53;4.29;8.23;1.92;3.4;2.54;2.32;17;12;7;7;34;39;10;6
Heremites vittatus;Deniz, Samandað, Hatay, Turkey;18.07.1998;male;Arabian;Arabian_male;76.15;14.15;7.61;6.01;16.67;26.01;3.46;3.58;4.07;4.67;3.71;1.44;8.92;4.44;7.76;1.88;3.72;2.45;2.44;16;12;7;7;32;41;8;6
Heremites vittatus;Deniz, Samandað, Hatay, Turkey;18.07.1998;male;Arabian;Arabian_male;67.82;12.85;6.84;5.74;16.39;24.53;3.93;2.94;3.43;4.63;3.44;1.56;8.55;4.1;7.22;1.79;2.96;2.24;2.36;16;12;7;7;32;40;8;6
Heremites vittatus;Samandað, Hatay, Turkey;9.06.1996;male;Arabian;Arabian_male;70.31;14.16;8.6;6.25;16.07;23.63;4.06;3.32;2.92;4.8;3.74;1.18;8.26;4.25;7.79;2;3.31;2.4;2.59;16;11;7;7;32;41;8;6
Heremites vittatus;Kesmeburun, Osmaniye, Turkey;29.03.1986;male;Arabian;Arabian_male;83.25;15.25;8.74;6.76;17.51;26.1;4.77;3.43;3.67;5.2;4.23;1.74;9.59;4.52;8.48;2.11;3.23;2.25;2.63;18;12;7;7;32;42;10;7
Heremites vittatus;Kesmeburun, Osmaniye, Turkey;29.03.1986;male;Arabian;Arabian_male;81.67;14.68;8.47;6.66;16.89;28.26;3.98;3.31;3.81;4.74;3.9;1.88;10.14;4.62;8.06;1.55;3.59;2.59;2.47;16;12;7;7;30;42;10;7
Heremites vittatus;Gedikli village, Kozan, Adana, Turkey;27.04.2014;male;Anatolian;Anatolian_male;72.83;13.74;7.78;6.91;18.05;26.25;4.58;3.23;3.26;4.73;3.62;1.78;8.12;4.86;7.56;1.91;3.07;2.44;2.55;19;13;7;7;32;45;8;6
Heremites vittatus;Gedikli village, Kozan, Adana, Turkey;27.04.2014;male;Anatolian;Anatolian_male;61.35;12.49;6.69;5.15;14.31;21.42;3.44;2.74;3.45;4.27;3.18;1.2;8.09;4.24;6.66;1.68;2.77;2.38;2.01;17;13;7;7;32;40;8;6
Heremites vittatus;Gedikli village, Kozan, Adana, Turkey;27.04.2014;male;Anatolian;Anatolian_male;57.82;12.35;6.34;5.29;14.03;21.58;3.57;2.7;3.31;4.79;3.57;1.21;7.66;4.06;6.88;1.31;3.19;2.51;2.27;19;12;7;7;32;42;10;6
Heremites vittatus;Çömlecik village, Kelkit, Gümüþhane, Turkey;18.07.2013;male;Anatolian;Anatolian_male;65.47;13.18;8.23;5.52;14.53;21.47;2.65;3.45;3.66;4.18;3.46;1.4;6.86;3.68;6.48;1.71;2.49;2.45;2.2;17;11;7;7;31;41;8;5
Heremites vittatus;Uzuncaburç, Silifke, Mersin, Turkey;5.05.1995;male;Anatolian;Anatolian_male;73.61;14.04;8.09;6.13;15.99;25.77;4.1;3.43;4.08;5.12;3.93;1.19;8.75;4.92;8.06;1.79;3.39;2.19;2.74;17;11;7;7;30;37;8;6
Heremites vittatus;Uzuncaburç, Silifke, Mersin, Turkey;5.05.1995;male;Anatolian;Anatolian_male;67.93;13.05;7.75;5.86;16.13;22.07;3.45;3.19;3.76;5.01;3.35;1.59;8.53;4.96;7.55;1.91;3.24;2.23;2.22;17;11;7;7;32;43;8;6
Heremites vittatus;Uzuncaburç, Silifke, Mersin, Turkey;5.05.1995;male;Anatolian;Anatolian_male;75.78;14.15;8.15;6.07;17.2;26.04;4.13;3.19;4.07;5.44;4.06;1.58;8.11;4.8;7.81;1.65;3.15;2.49;2.64;16;11;7;6;30;39;8;6
Heremites vittatus;Uzuncaburç, Silifke, Mersin, Turkey;5.05.1995;male;Anatolian;Anatolian_male;67.17;13.16;8.15;6.14;16.33;23.8;3.64;2.96;4.09;5.2;3.69;1.51;8.66;4.37;7.47;1.73;3.29;2.38;2.31;17;11;7;7;32;41;8;6
Heremites vittatus;Uzuncaburç, Silifke, Mersin, Turkey;5.05.1995;male;Anatolian;Anatolian_male;59;11.7;6.34;4.99;14.61;21.29;3.51;2.8;3.07;4.27;3.47;1.16;7.91;4.52;6.61;1.61;2.5;2.1;2.18;16;11;7;6;30;41;8;6
Heremites vittatus;Uzuncaburç, Silifke, Mersin, Turkey;5.05.1995;male;Anatolian;Anatolian_male;57.97;12.07;6.55;5.18;13.6;20.56;3.44;2.62;3.12;4.47;3.36;1.55;7.6;4.04;6.53;1.63;2.55;2.24;1.97;16;12;7;8;31;42;8;6
Heremites vittatus;between Fýndýkpýnarý and Arslanköy 6. km, Mersin, Turkey;8.05.2002;male;Anatolian;Anatolian_male;81.02;13.65;8.31;7.05;17.71;26.71;3.89;3.76;3.64;5.89;3.53;1.71;8.54;4.17;8.32;2.06;3.07;2.79;2.34;17;11;7;7;32;40;10;6
Heremites vittatus;Kuzucubelen, Mersin, Turkey;1.06.2013;male;Anatolian;Anatolian_male;67.88;12.78;7.28;6.47;14.76;24.02;3.55;3.12;4.03;5.19;3.74;1.5;8.84;3.95;7.21;1.57;3.21;2.7;2.57;17;11;7;7;32;42;10;6
Heremites vittatus;Çamlýca village, Gülnar, Mersin, Turkey;11.05.2013;male;Anatolian;Anatolian_male;68.69;13.67;7.32;6.21;14.34;23.59;4.24;2.81;3.59;5.35;3.75;1.81;7.92;3.9;7.52;2.02;3.16;2.59;2.6;18;13;7;7;32;41;10;6
Heremites vittatus;Balandýz, Silifke, Mersin, Turkey;10.05.1995;male;Anatolian;Anatolian_male;73.3;13.65;7.74;6.16;16.67;26.41;4.16;3.31;3.82;4.67;4.33;1.1;8.1;4.35;7.78;1.64;2.96;2.13;2.47;17;13;7;7;30;41;8;6
Heremites vittatus;Aydýncýk island, Mersin, Turkey;15.04.1987;male;Anatolian;Anatolian_male;69.72;13.33;7.49;6.12;14.58;23.7;4.1;3.26;3.59;4.19;3.38;1.35;7.98;4.6;7.63;1.97;3.17;2.75;2.1;16;12;7;7;30;43;8;6
Heremites vittatus;Kozanlý, Mersin, Turkey;22.08.1994;male;Anatolian;Anatolian_male;62.96;12.32;6.13;5.17;15.61;21.72;4.2;2.42;2.75;3.82;3.16;1.47;8.39;4.74;6.92;1.37;2.9;2.05;2.21;18;12;7;7;32;42;10;6
Heremites vittatus;Bozyazý island, Mersin, Turkey;16.04.1987;male;Anatolian;Anatolian_male;72.05;13.78;7.37;5.73;15.66;23.72;3.76;3.08;3.5;4.45;3.27;1.65;7.87;4.77;7.66;1.85;3.08;2.69;2.51;17;12;7;7;32;40;8;7
Heremites vittatus;Güzelyalý village, Oymapýnar, Manavgat, Antalya, Turkey;27.04.2013;male;Anatolian;Anatolian_male;75.26;14.06;8.26;6.49;14.86;23.45;4.41;3.15;3.5;5.37;4.56;1.68;8.03;5.52;7.89;1.68;3.29;2.74;2.49;16;11;7;7;32;42;8;6
Heremites vittatus;Belkýz, Aspendos, Serik, Antalya, Turkey;26.04.2013;male;Anatolian;Anatolian_male;73.99;14.13;8;6.61;15.54;24.43;4.05;3.33;3.47;4.92;4.03;1.63;8.03;4.42;8.08;1.77;3.26;3.13;2.48;14;10;7;7;32;43;8;6
Heremites vittatus;Asar village, Siliyon, Serik, Antalya, Turkey;26.04.2013;male;Anatolian;Anatolian_male;89.13;14.57;9.51;7.44;17.48;26.47;4.18;3.57;3.96;5.4;4.4;2.13;8.82;5.82;8.35;1.64;3.18;2.8;2.76;15;12;7;7;32;43;8;6
Heremites vittatus;between Cizre and Silopi 5 km., Þýrnak, Turkey;10.04.2006;female;Arabian;Arabian_female;85.09;15.04;8.45;6.95;18.32;28.7;4.28;3.37;3.95;5.5;4.19;1.68;8.94;5.09;7.74;1.97;3.61;2.54;2.67;17;12;7;7;32;43;10;6
Heremites vittatus;between Cizre and Silopi 5 km., Þýrnak, Turkey;10.04.2006;female;Arabian;Arabian_female;78.53;13.93;8.17;6.39;16.75;24.35;4.02;3.29;4.17;5.31;3.78;1.2;9.96;5.33;8.12;1.74;3.46;2.48;2.4;16;12;7;7;31;44;8;6
Heremites vittatus;between Cizre and Silopi 5 km., Þýrnak, Turkey;10.04.2006;female;Arabian;Arabian_female;84.31;14.48;8.04;6.43;18.56;26.7;4.25;3.25;3.89;5.1;4.16;1.26;9.82;4.54;7.73;1.65;3.42;2.61;2.38;16;11;7;7;30;41;8;6
Heremites vittatus;between Cizre and Silopi 5 km., Þýrnak, Turkey;10.04.2006;female;Arabian;Arabian_female;80;13.81;7.7;6.41;18;24.37;3.74;3.2;3.95;5.03;3.92;1.52;9.2;4.47;7.44;1.84;3.07;2.62;2.78;17;11;6;7;31;43;8;6
Heremites vittatus;between Cizre and Silopi 5 km., Þýrnak, Turkey;10.04.2006;female;Arabian;Arabian_female;68.01;13.11;7.27;5.84;15.78;23.88;4;3.05;3.59;4.89;2.74;1.67;9.39;5.07;7.14;1.83;3.26;2.27;2.27;18;13;7;7;32;41;8;6
Heremites vittatus;Silopi, Þýrnak, Turkey;8.04.2006;female;Arabian;Arabian_female;83.68;14.91;9.13;7.72;19.21;28.11;4.32;3.28;4.33;5.99;4.57;1.71;9.82;5.74;8.24;2.18;3.65;2.64;2.51;17;12;7;7;33;43;8;6
Heremites vittatus;Silopi, Þýrnak, Turkey;8.04.2006;female;Arabian;Arabian_female;83.01;14.32;8.95;7;17.42;26.52;4.33;3.44;4.24;5.52;3.66;1.8;8.11;5.03;7.83;2.03;3.44;2.5;2.19;16;11;7;7;32;44;8;7
Heremites vittatus;Silopi, Þýrnak, Turkey;8.04.2006;female;Arabian;Arabian_female;69.24;13.26;7.22;5.84;15.82;24.13;3.89;3.04;3.67;4.94;3.67;1.37;8.11;5.09;7.4;1.92;2.86;2.59;1.99;16;11;7;7;34;43;8;6
Heremites vittatus;Silopi, Þýrnak, Turkey;10.05.2011;female;Arabian;Arabian_female;83.92;14.43;8.61;6.93;17.27;25.01;4.26;3.43;4.18;5.86;4.22;1.74;8.92;5.31;8.19;1.91;3.16;2.88;2.47;17;11;7;7;32;44;10;6
Heremites vittatus;Silopi, Þýrnak, Turkey;10.05.2011;female;Arabian;Arabian_female;67.11;13.13;7.88;5.42;14.98;23.04;3.75;2.89;3.38;4.55;3.95;1.24;7.58;5.11;7.41;1.83;2.95;2.34;2.48;17;11;7;7;32;42;10;6
Heremites vittatus;between Diyarbakýr and Siverek 48. km., Turkey;31.04.2005;female;Arabian;Arabian_female;81.85;13.7;7.77;6.18;17.78;27.32;3.57;4.01;4.39;5.64;3.32;1.54;8.04;4.61;7.66;2.69;3.85;2.83;2.62;16;11;7;7;33;42;8;6
Heremites vittatus;between Diyarbakýr and Siverek 48. km., Turkey;31.04.2005;female;Arabian;Arabian_female;72.84;13.47;7.35;5.93;15.7;25.57;3.23;3.58;4.05;5.34;3.53;1.47;8.05;4.26;7.21;1.9;3.23;2.5;2.3;17;11;7;7;32;42;8;6
Heremites vittatus;between Diyarbakýr and Siverek 48. km., Turkey;31.04.2005;female;Arabian;Arabian_female;71.77;13.02;7.3;5.89;15.26;23.48;3.16;3.56;3.59;4.7;3.88;1.29;8.01;4.57;7.1;2.22;3;2.03;2.16;16;10;7;7;31;43;8;6
Heremites vittatus;between Mardin and Diyarbakýr 17. km., Turkey;30.04.2005;female;Arabian;Arabian_female;58.23;11.48;6.51;5.09;12.98;20;3.48;2.79;2.74;3.94;2.9;1.26;7.16;4.15;6.58;1.41;3.01;2.26;1.88;15;11;7;7;31;45;10;6
Heremites vittatus;5 km W of Kurtalan, Siirt, Turkey;11.04.2011;female;Arabian;Arabian_female;62.32;12.12;6.94;5.79;14.41;23.57;3.54;3.08;3.07;4.61;3.54;1.2;8.41;4.34;6.98;1.58;2.84;2.11;2.21;16;11;7;7;30;39;10;6
Heremites vittatus;between Kurtalan and Siirt 6. km, Turkey;13.06.2005;female;Arabian;Arabian_female;85.11;14.64;7.86;6.75;17.85;26.59;3.84;3.35;4.19;5.12;3.99;1.59;8.54;5.02;7.81;1.92;3.16;2.61;2.57;16;12;7;7;33;43;10;6
Heremites vittatus;between Kýzýltepe and Viranþehir 38 km., Mardin, Turkey;11.04.2006;female;Arabian;Arabian_female;85.93;14.54;8.31;7.02;18.29;27.66;4.45;3.3;3.94;5.59;3.45;1.23;9.22;4.95;8.05;1.94;3.95;2.91;2.68;17;11;7;7;32;42;8;6
Heremites vittatus;between Viranþehir and Þanlýurfa 27 km., Turkey;11.04.2006;female;Arabian;Arabian_female;74.58;13.35;7.69;6.39;15.38;22.92;3.52;3.25;3.85;5.36;3.68;1.36;8.06;4.92;7.31;2.01;3.93;2.85;2.43;17;12;7;7;31;43;8;7
Heremites vittatus;between Viranþehir and Þanlýurfa 27 km., Turkey;11.04.2006;female;Arabian;Arabian_female;72.44;13.38;7.24;6.39;16.1;22.92;3.4;3.19;3.91;4.98;3.45;1.63;8.68;4.56;6.97;1.63;3.38;2.62;2.57;17;11;7;7;32;42;8;7
Heremites vittatus;between Viranþehir and Þanlýurfa 27 km., Turkey;11.04.2006;female;Arabian;Arabian_female;77.4;13.95;7.75;5.81;16.21;24.26;4.46;3.43;3.75;5.01;3.94;1.31;8.91;4.67;7.45;1.91;3.59;2.67;2.17;18;12;7;7;32;44;8;7
Heremites vittatus;Güzelyat, Ceylanpýnar, Þanlýurfa, Turkey;3.05.2001;female;Arabian;Arabian_female;79.5;14.49;8.12;6.7;18.09;26.83;4.64;3.37;3.77;5.69;4.06;1.5;9.53;4.78;7.48;2.07;3.84;2.8;2.51;16;10;7;7;32;40;10;6
Heremites vittatus;Eskisavaþan village, Halfeti, Þanlýurfa, Turkey;12.04.2006;female;Arabian;Arabian_female;62.64;12.3;7.09;5.64;13.96;22.02;3.48;2.87;3.12;4.27;2.91;1.71;7.14;4.04;6.18;1.61;2.82;1.79;2.14;17;12;7;7;32;41;8;6
Heremites vittatus;between Siverek and Karakeçi 8. km, Þanlýurfa, Turkey;25.05.2006;female;Arabian;Arabian_female;77.68;14.05;7.79;6.79;16.76;25.76;4.15;3.36;3.87;5.54;3.51;1.56;9.45;4.5;7.4;2.25;3.78;2.52;2.01;16;12;8;7;32;44;8;7
Heremites vittatus;between Siverek and Karakeçi 8. km, Þanlýurfa, Turkey;25.05.2006;female;Arabian;Arabian_female;75.37;13.66;7.43;5.77;16.57;24.1;3.74;3.33;3.51;4.78;3.49;1.54;8.03;4.62;7.07;1.91;3.37;2.41;2.08;17;11;7;7;32;40;8;6
Heremites vittatus;between Siverek and Karakeçi 8. km, Þanlýurfa, Turkey;25.05.2006;female;Arabian;Arabian_female;85.04;14.47;8.92;7.01;17.8;28.2;3.64;4;3.8;5.69;4.27;1.64;8.6;4.29;7.79;1.98;4.19;2.69;2.28;18;11;7;7;34;43;8;7
Heremites vittatus;Ceylanpýnar, Þanlýurfa, Turkey;8.05.2002;female;Arabian;Arabian_female;72.66;13.48;8.16;6.26;16.82;24.79;3.67;3.52;3.62;5.15;3.35;1.53;7.44;4.92;7.29;2.14;3.15;2.29;2.14;17;11;7;7;32;40;10;6
Heremites vittatus;Ceylanpýnar, Þanlýurfa, Turkey;8.05.2002;female;Arabian;Arabian_female;70.06;12.82;7.1;5.63;15.24;23.04;3.29;3.46;3.94;4.72;3.43;1.23;8.02;4.61;6.98;1.94;3.29;2.31;1.94;18;12;7;7;32;44;10;6
Heremites vittatus;Halfeti, Þanlýurfa, Turkey;25.04.2005;female;Arabian;Arabian_female;77.69;14.57;8.04;6.35;16.99;26.28;3.81;3.64;3.78;5.17;3.53;1.64;9.04;5.13;7.62;1.68;3.1;2.86;2.22;16;10;7;7;31;41;8;6
Heremites vittatus;Halfeti, Þanlýurfa, Turkey;25.04.2005;female;Arabian;Arabian_female;68.58;13.35;7.24;5.66;15.68;24.01;3.93;2.96;3.51;5.12;3.41;1.44;7.92;4.96;6.94;1.85;2.79;2.09;2.65;17;10;7;7;30;42;8;6
Heremites vittatus;Eskihalfeti, Þanlýurfa, Turkey;12.04.2006;female;Arabian;Arabian_female;79.45;14.09;7.59;6.47;16.66;26.27;4.54;3.42;3.57;4.61;3.82;1.26;8.04;4.99;7.51;1.81;3.52;2.45;2.37;15;10;7;7;32;45;8;6
Heremites vittatus;between Besni and Gölbaþý 5 km., Adýyaman, Turkey;7.06.2005;female;Arabian;Arabian_female;86.99;14.02;8.08;6.84;17.44;27.54;3.81;3.2;3.01;5.6;4.16;1.58;8.02;4.78;8.14;1.82;3.16;2.91;2.62;16;11;7;7;31;44;8;6
Heremites vittatus;between Araban and Besni 5 km., Adýyaman, Turkey;22.04.2005;female;Arabian;Arabian_female;64.17;12.29;6.86;5.49;14.14;22.26;3.63;3.14;3.13;4.39;3.17;1.32;6.97;4.56;6.69;1.76;3.01;2.38;2.22;17;11;7;7;31;41;8;6
Heremites vittatus;between Araban and Besni 5 km., Adýyaman, Turkey;22.04.2005;female;Arabian;Arabian_female;76.7;14.91;8.15;5.73;17.36;25.69;4.16;3.52;3.92;5.08;3.82;1.25;7.41;4.63;8.03;1.82;3.52;2.78;2.68;15;11;7;7;32;43;8;7
Heremites vittatus;Baðpýnar, Adýyaman, Turkey;28.04.2001;female;Arabian;Arabian_female;82.73;13.51;8;6.64;18.88;27.76;4.1;3.39;3.71;5.11;3.47;1.56;9.39;4.75;8.11;2.25;4.34;2.36;2.65;18;11;7;7;32;39;8;6
Heremites vittatus;Baðpýnar, Adýyaman, Turkey;28.04.2001;female;Arabian;Arabian_female;66.68;12.37;6.77;5.73;15.1;23.21;3.98;3.01;3.3;4.47;3.32;1.35;8.94;5.08;7.19;2.05;3.53;2.39;2.18;16;11;7;7;30;42;8;6
Heremites vittatus;Baðpýnar, Adýyaman, Turkey;28.04.2001;female;Arabian;Arabian_female;65.46;12.81;6.6;5.46;14.97;22.73;4.18;3;3.39;4.83;3.28;1.39;8.7;4.18;7.1;1.7;3.67;2.15;2.22;16;11;6;6;32;41;10;6
Heremites vittatus;Baðpýnar, Adýyaman, Turkey;28.04.2001;female;Arabian;Arabian_female;72.06;13.4;7.49;5.53;17.16;25.9;3.65;3.15;3.49;4.81;3.22;1.69;8.84;4.24;7.61;1.93;3.16;2.51;2.22;17;11;7;7;30;42;8;7
Heremites vittatus;Baðpýnar, Adýyaman, Turkey;28.04.2001;female;Arabian;Arabian_female;61.47;12.35;6.44;4.89;14.88;21.91;4.05;2.89;3.33;5.03;2.94;1.45;7.64;3.32;6.77;1.96;2.9;2.46;2.19;17;11;7;7;32;44;8;6
Heremites vittatus;Baðpýnar, Adýyaman, Turkey;28.04.2001;female;Arabian;Arabian_female;73.28;13.7;7.71;5.37;16.37;26;3.69;3.23;3.74;5.31;3.21;1.36;9.49;4.72;7.61;2.2;3.33;2.72;1.97;17;12;7;7;32;42;8;7
Heremites vittatus;Baðpýnar, Adýyaman, Turkey;28.04.2001;female;Arabian;Arabian_female;59.39;12.25;6.53;5.55;15.04;23.02;4.32;3.06;3.21;4.33;3.31;1.61;8.23;4.76;6.51;1.79;3.73;2;2.17;16;11;7;7;32;40;8;6
Heremites vittatus;Baðpýnar, Adýyaman, Turkey;28.04.2001;female;Arabian;Arabian_female;57.95;11.83;6.26;5.11;14.8;21.84;3.53;2.91;3.23;4.19;3.5;1.2;7.42;4.6;6.61;1.57;2.98;2.3;2.12;16;11;7;7;32;41;8;7
Heremites vittatus;Gerger, Adýyaman, Turkey;10.06.2005;female;Arabian;Arabian_female;78.52;14.16;7.92;6.06;18.15;26.87;4.14;3.32;3.52;5;4.12;1.66;8.93;5.17;7.03;1.64;3.67;2.38;2.7;15;10;7;7;31;41;8;6
Heremites vittatus;Akbez village, 5 km. east of Kilis, Turkey;15.11.2010;female;Arabian;Arabian_female;65.34;12.56;6.16;4.72;16.15;24.12;3.58;2.84;3.53;4.7;3.67;1.15;7.85;4.42;6.9;1.7;3.05;2.67;2.32;15;10;7;7;32;41;8;6
Heremites vittatus;Dokurcun village, between Gaziantep and Kilis, Turkey;23.04.2005;female;Arabian;Arabian_female;83.88;14.82;9;7;17.32;26.69;4.17;3.05;4.19;5.58;4.02;1.74;8.46;4.78;7.4;1.95;3.59;2.63;2.35;18;12;7;7;34;42;8;6
Heremites vittatus;Dokurcun village, between Gaziantep and Kilis, Turkey;23.04.2005;female;Arabian;Arabian_female;78.89;13.93;8.65;6.89;17.91;26.8;4.06;3.12;3.74;5.43;4.08;1.74;8.53;4.19;7.98;1.69;3.26;2.8;2.56;17;11;7;7;34;41;8;6
Heremites vittatus;Dokurcun village, between Gaziantep and Kilis, Turkey;23.04.2005;female;Arabian;Arabian_female;83.15;14.67;8.81;7.04;17.67;26.48;4.14;3.38;3.38;5.34;4.22;2.01;8.27;4.29;7.79;1.88;3.56;2.52;2.42;16;11;7;6;31;45;8;6
Heremites vittatus;Dokurcun village, between Gaziantep and Kilis, Turkey;23.04.2005;female;Arabian;Arabian_female;87.83;14.51;8.83;6.68;17.75;27.29;4.4;3.58;4.28;5.36;4.12;1.65;9.06;5.28;7.84;1.83;3.28;2.61;2.6;16;11;7;7;32;45;8;6
Heremites vittatus;Dokurcun village, between Gaziantep and Kilis, Turkey;23.04.2005;female;Arabian;Arabian_female;80.75;14.54;8.56;7.14;17.68;26.94;4.27;3.35;4.15;5.46;4.18;1.6;9.27;4.74;7.97;1.52;3.41;2.76;2.61;18;12;7;7;31;43;8;6
Heremites vittatus;Dokurcun village, between Gaziantep and Kilis, Turkey;23.04.2005;female;Arabian;Arabian_female;79.09;14.39;7.75;6.26;17.6;26.39;4.46;3.5;3.73;5.02;3.59;1.55;9.15;4.79;7.63;1.86;3.27;2.69;2.29;16;11;7;7;32;43;8;6
Heremites vittatus;Dokurcun village, between Gaziantep and Kilis, Turkey;23.04.2005;female;Arabian;Arabian_female;66.7;13.07;6.97;5.69;16;23.86;3.89;2.73;3.39;4.68;3.45;1.21;8.29;4.92;7.08;1.66;3.36;2.2;2.32;18;12;7;7;31;43;10;6
Heremites vittatus;Dokurcun village, between Gaziantep and Kilis, Turkey;23.04.2005;female;Arabian;Arabian_female;63.5;13;7.1;5.38;14.96;22.92;3.77;3.01;3.41;4.62;3.65;1.3;7.66;4.28;7.4;1.57;3.11;2.01;2.47;17;12;7;7;32;43;10;6
Heremites vittatus;Dokurcun village, between Gaziantep and Kilis, Turkey;23.04.2005;female;Arabian;Arabian_female;62.38;11.98;7.06;5.19;14.49;20.92;3.43;3.27;3.38;4.13;3.83;1.16;7.57;4.64;6.84;1.69;2.94;2.26;1.93;17;12;7;8;32;43;10;6
Heremites vittatus;between Hassa and Kilis 32. km. , Turkey;14.04.2006;female;Arabian;Arabian_female;83.9;14.58;8.43;6.75;17.91;26.01;4.64;3.11;3.51;4.96;3.87;1.7;8.49;5.1;8.56;1.83;3.24;2.9;2.13;16;12;7;7;33;42;8;6
Heremites vittatus;between Hassa and Kilis 32. km. , Turkey;14.04.2006;female;Arabian;Arabian_female;92.76;15.55;8.7;7.24;18.8;28.17;4.91;3.98;2.83;5.9;4.23;1.63;8.96;4.93;8.71;1.95;3.53;2.71;2.19;18;12;7;7;32;45;8;6
Heremites vittatus;between Polateli and Kilis 4 km., Turkey;14.04.2006;female;Arabian;Arabian_female;82.75;14.52;8.45;6.25;17.5;28.43;3.72;3.43;4.1;5.07;3.52;1.36;10.47;5.07;7.81;1.89;3.24;2.86;2.39;15;11;7;7;31;46;8;6
Heremites vittatus;Öncüpýnar, Kilis, Turkey;24.04.2005;female;Arabian;Arabian_female;91.7;15.52;9.29;7.65;18.2;30.9;4.44;3.92;4.16;6.23;4.53;1.79;10.08;4.93;8.76;2.01;4.21;3.02;2.54;15;10;7;7;31;43;8;6
Heremites vittatus;Öncüpýnar, Kilis, Turkey;24.04.2005;female;Arabian;Arabian_female;87.57;15.31;9.41;7.34;20.26;29.49;4.21;3.82;4.56;5.55;4.45;1.79;8.81;4.99;8.03;1.93;3.45;2.62;2.75;17;11;7;7;31;44;8;6
Heremites vittatus;Öncüpýnar, Kilis, Turkey;24.04.2005;female;Arabian;Arabian_female;62.35;12.68;6.79;5.46;14.64;22.88;3.45;3.05;3.51;4.58;3.18;1.17;8.84;4.47;7.11;1.83;2.9;2.27;2.22;17;10;7;7;33;43;10;6
Heremites vittatus;Kemaliye village, between Kilis and Elbeyli, Turkey ;24.04.2005;female;Arabian;Arabian_female;82.16;14.97;8.99;6.65;17.7;26.67;4.37;3.67;3.58;5.37;3.69;1.65;9.7;5.51;8.42;1.79;3.43;2.55;1.99;18;13;7;7;32;43;8;7
Heremites vittatus;Kemaliye village, between Kilis and Elbeyli, Turkey ;24.04.2005;female;Arabian;Arabian_female;85.69;15.36;9.54;7.14;19.34;29.26;4.15;3.6;4.34;5.84;4.13;1.75;9.8;5.77;8.75;1.95;3.78;2.79;2.84;17;13;7;7;32;44;8;6
Heremites vittatus;Kemaliye village, between Kilis and Elbeyli, Turkey ;24.04.2005;female;Arabian;Arabian_female;78.42;14.26;8.28;6.56;17.77;25.94;3.8;3.41;3.8;5.31;3.55;1.47;8.47;5.09;7.75;2.22;3.59;2.1;1.76;17;12;7;7;32;42;8;6
Heremites vittatus;Kemaliye village, between Kilis and Elbeyli, Turkey ;24.04.2005;female;Arabian;Arabian_female;64.27;13.15;6.91;5.47;15.66;22.81;3.34;3.06;3.4;5.14;4.05;1.32;8.19;4.91;6.96;1.88;2.92;2;1.84;16;12;7;7;32;40;8;6
Heremites vittatus;Yavuzlu, Kilis, Turkey;13.04.2006;female;Arabian;Arabian_female;83.9;14.44;9.42;7.52;18.81;28.72;4.13;3.92;4.64;6.04;4.6;2.07;9.39;4.55;8.71;2.18;3.5;2.78;2.35;17;11;7;7;34;43;10;6
Heremites vittatus;Yavuzlu, Kilis, Turkey;13.04.2006;female;Arabian;Arabian_female;73.94;13.47;8.18;6.36;15.95;26.04;3.28;3.92;4.26;5.1;3.17;1.75;8;4.05;7.92;1.95;3.42;2.74;2.08;18;13;7;7;34;41;8;6
Heremites vittatus;Gaziantep, Turkey;1.05.1996;female;Arabian;Arabian_female;85.59;13.77;9.45;6.48;17.88;30.01;3.04;3.97;4.81;5.43;3.78;1.38;8.41;4.27;9.16;2.07;3.8;2.63;2.81;16;12;7;7;32;46;10;6
Heremites vittatus;Gaziantep, Turkey;1.05.1996;female;Arabian;Arabian_female;76;13.39;7.95;6.34;17.39;25.71;3.16;3.52;3.66;4.52;3.49;1.99;7.95;3.58;8;1.97;3.07;2.97;2.3;16;11;7;7;32;46;8;6
Heremites vittatus;Islahiye, Gaziantep, Turkey;8.09.1999;female;Arabian;Arabian_female;61.03;12.09;6.68;5.73;14.83;22.53;2.61;2.85;3.74;3.89;3.59;1.16;7.71;3.58;6.67;2.05;3.41;2.67;2.32;17;13;7;7;32;43;10;5
Heremites vittatus;Nurdaðý, Gaziantep, Turkey;8.09.1999;female;Arabian;Arabian_female;82.41;14.48;8.77;7.29;19.18;29.84;3.43;3.93;4.43;5.24;4.1;1.9;9.64;4.47;8.7;2.56;3.38;2.88;2.38;16;12;7;7;32;45;8;6
Heremites vittatus;Zincirlihöyük, Fevzipaþa, Islahiye, Gaziantep, Turkey;14.04.2006;female;Arabian;Arabian_female;80.51;13.91;8.08;6.81;18.45;25.98;3.82;3.09;3.8;5.41;4.13;1.53;9.42;4.94;7.85;2.16;3.38;2.35;2.2;17;13;7;7;34;43;8;6
Heremites vittatus;Zincirlihöyük, Fevzipaþa, Islahiye, Gaziantep, Turkey;14.04.2006;female;Arabian;Arabian_female;79.98;14.04;8.32;6.51;17.3;26.37;3.96;3.54;3.75;5.1;3.96;1.31;8.2;5.03;7.99;1.89;3.66;2.34;2.8;17;12;7;7;33;42;8;6
Heremites vittatus;Iþýklý village, Gaziantep, Turkey;10.06.1999;female;Arabian;Arabian_female;81.85;13.33;7.85;5.95;16.57;26.77;3.43;3.83;4.11;4.93;3.46;1.14;8.68;4.64;7.93;2.25;3.65;2.47;2.19;17;12;7;7;32;43;8;6
Heremites vittatus;Burç village, Gaziantep, Turkey;30.04.1996;female;Arabian;Arabian_female;61.84;11.7;6.98;5.59;14.76;21.8;3.04;3.1;3.65;4.45;3.16;1.45;7.61;3.48;7.01;1.47;3.18;2.61;1.94;17;11;7;7;32;45;10;7
Heremites vittatus;Burç village, Gaziantep, Turkey;30.04.1996;female;Arabian;Arabian_female;58.72;11.75;5.99;4.82;13.32;20.4;3.3;2.83;3.4;4.39;3.22;1.25;6.67;2.84;6.69;1.63;3.08;2.29;2.09;17;11;7;7;34;42;10;6
Heremites vittatus;Çevlik, Samandað, Hatay, Turkey;19.07.1998;female;Arabian;Arabian_female;77.38;13.94;8.44;6.28;17.72;26.95;3.92;3.11;3.79;4.73;3.49;1.42;8.45;4.36;7.78;1.79;2.86;2.57;2.44;17;12;8;7;33;40;8;6
Heremites vittatus;Botaþ, Ýskenderun, Hatay, Turkey;15.05.2009;female;Arabian;Arabian_female;75.92;14.25;8.3;6.78;16.37;25.35;4.28;3.09;3.87;5.91;3.4;2.11;9.46;4.83;7.48;1.86;3.79;2.56;2.62;18;12;7;8;34;43;8;6
Heremites vittatus;Botaþ, Ýskenderun, Hatay, Turkey;15.05.2009;female;Arabian;Arabian_female;71.31;13.34;8.14;5.89;15.5;23.95;3.7;3.14;3.94;5.19;3.72;1.49;8.05;4.69;7.07;1.55;3.32;2.8;2.25;16;11;7;7;34;45;8;6
Heremites vittatus;Botaþ, Ýskenderun, Hatay, Turkey;15.05.2009;female;Arabian;Arabian_female;72.29;13.9;8.12;5.82;15.7;25.29;4.24;2.97;3.21;4.86;3.3;1.47;8.13;4.28;7.35;1.76;3.01;2.5;2.48;17;12;7;7;34;46;8;6
Heremites vittatus;Botaþ, Ýskenderun, Hatay, Turkey;15.05.2009;female;Arabian;Arabian_female;72.04;13.07;7.42;6.02;15.07;24.3;4.5;2.89;3.57;4.95;3.53;1.48;7.75;4.44;7.31;1.63;3.02;2.62;2.54;15;12;7;7;32;45;8;6
Heremites vittatus;Botaþ, Ýskenderun, Hatay, Turkey;15.05.2009;female;Arabian;Arabian_female;66.87;12.77;6.57;5.25;14.55;23.05;3.76;2.82;3.08;4.3;3.9;1.67;7.51;3.71;6.98;1.78;3.03;2.63;2.04;16;11;7;7;32;41;8;6
Heremites vittatus;Çiftlikköyü, Altýnöüzü, Hatay, Turkey;31.03.1999;female;Arabian;Arabian_female;89.36;15.34;8.72;6.52;19.46;26.94;3.58;4.4;5.13;5.59;3.98;1.68;8.83;4.03;8.62;2.15;4.14;3.2;2.64;14;10;7;7;32;41;8;6
Heremites vittatus;Çiftlikköyü, Altýnöüzü, Hatay, Turkey;31.03.1999;female;Arabian;Arabian_female;81.86;14.29;8.06;6.62;17.63;25.89;3.22;4.2;5.16;5.06;3.86;1.43;8.65;3.8;8.21;2.36;3.66;2.6;2.53;16;12;7;7;33;41;8;6
Heremites vittatus;Sutaþý, Samandað, Hatay, Turkey;1.04.1999;female;Arabian;Arabian_female;86.19;15.36;8.4;6.64;18.45;29.17;3.23;4.7;5.16;5.04;4.12;1.92;9.65;4.33;8.08;2.16;3.23;2.46;2.23;16;13;8;8;34;47;10;6
Heremites vittatus;Çevlik, Samandað, Hatay, Turkey;1.04.1999;female;Arabian;Arabian_female;73.64;13.82;7.68;5.67;16.53;25.47;3.02;4.31;4.54;4.87;3.87;1.7;7.42;5;6.91;2.09;3.64;2.58;2.29;16;11;7;7;32;48;8;6
Heremites vittatus;Arsuz, Hatay, Turkey;6.09.1999;female;Arabian;Arabian_female;86.2;14.95;9.11;5.94;17.33;27.47;3.08;4.32;4.83;5.45;4.18;1.63;8.06;5.01;8.16;2.19;3.93;3.17;2.61;15;12;7;7;32;41;8;7
Heremites vittatus;Belen, Hatay, Turkey;9.04.1999;female;Arabian;Arabian_female;96.81;15.57;8.68;6.7;18.71;28.91;4.43;4.71;5.71;5.65;4.46;1.68;9.13;4.75;9.81;2.13;3.96;2.8;2.64;18;12;7;7;32;43;8;6
Heremites vittatus;Belen, Hatay, Turkey;9.04.1999;female;Arabian;Arabian_female;82.87;14.02;7.75;5.91;16.04;28.1;3.2;4.01;5;4.74;4.24;1.58;9.85;4.95;8;2.2;3.67;2.55;2.68;17;12;7;7;32;44;8;7
Heremites vittatus;Karaçay, Samandað, Hatay, Turkey;24.04.1999;female;Arabian;Arabian_female;86.54;15.3;9.01;7.21;17.79;27.2;4.01;4.53;4.46;5.91;4.5;1.67;7.84;4.59;8.77;1.67;2.34;2.73;2.88;15;11;7;7;32;45;8;6
Heremites vittatus;Karaçay, Samandað, Hatay, Turkey;24.04.1999;female;Arabian;Arabian_female;86.66;14.58;8.62;6.71;18.04;28.54;4.49;4.55;3.98;5.51;4.57;1.79;8.74;4.97;9.06;2.59;3.74;2.88;2.48;16;11;7;7;32;43;8;6
Heremites vittatus;Deniz, Samandað, Hatay, Turkey;18.07.1998;female;Arabian;Arabian_female;74.47;13.53;7.43;6.34;16.75;25.23;3.77;3.55;3.96;5;3.33;1.75;8.08;3.41;7.39;2.37;3.36;2.23;2.04;18;12;7;7;33;44;10;6
Heremites vittatus;Deniz, Samandað, Hatay, Turkey;18.07.1998;female;Arabian;Arabian_female;74.58;13.79;7.31;6.06;17.05;25.63;4.07;3.36;3.63;4.78;3.61;1.2;8.81;3.88;7.48;2.1;3.29;2.54;2.3;16;12;7;7;32;39;8;6
Heremites vittatus;Deniz, Samandað, Hatay, Turkey;18.07.1998;female;Arabian;Arabian_female;70.78;13.56;7.07;6.12;16.46;25.17;3.75;3.54;3.65;4.86;3.84;1.26;7.5;4.13;7.02;1.93;3.21;2.28;2.64;15;10;6;7;32;41;8;6
Heremites vittatus;Deniz, Samandað, Hatay, Turkey;18.07.1998;female;Arabian;Arabian_female;72.78;13.34;7.13;5.98;14.8;23.3;3.87;3.33;3.42;4.9;3.17;1.76;8.23;4.2;7.14;1.87;3.14;2.19;2.33;15;11;7;7;32;39;10;6
Heremites vittatus;Deniz, Samandað, Hatay, Turkey;18.07.1998;female;Arabian;Arabian_female;88.91;15.51;8.53;6.71;19.24;28.57;4.33;3.29;3.84;5.49;4.13;1.78;8.3;4.66;8.08;1.88;3.54;2.77;2.59;16;11;7;8;34;40;8;6
Heremites vittatus;Samandað, Hatay, Turkey;9.06.1996;female;Arabian;Arabian_female;71.32;12.88;8.32;6.32;16.65;27.32;3.9;3.26;3.4;5.1;3.74;1.66;8.75;4.83;7.21;1.72;3.25;2.62;2.74;18;12;7;7;34;41;8;7
Heremites vittatus;Kesmeburun, Osmaniye, Turkey;29.03.1986;female;Arabian;Arabian_female;91.6;15.03;9.66;7.21;18.86;30.58;4.54;3.54;4.12;5.63;4.23;1.52;10.45;5.16;8.42;1.89;3.7;2.71;2.66;17;10;7;7;32;42;8;6
Heremites vittatus;Karabýyýklý village, Pazarcýk, Kahramanmaraþ, Turkey;29.04.2014;female;Anatolian;Anatolian_female;84.54;14.7;8.6;7.04;17.27;26.77;3.71;3.72;4;5.73;3.84;1.86;8.36;4.67;7.78;2.06;4.14;2.86;2.18;16;11;7;7;30;42;8;6
Heremites vittatus;Gedikli village, Kozan, Adana, Turkey;27.04.2014;female;Anatolian;Anatolian_female;89;15.39;8.91;6.98;19.2;28.99;4.74;3.68;3.88;4.99;4;1.37;8.33;5.19;7.96;1.68;3.4;3.1;2.59;16;12;7;7;32;44;8;6
Heremites vittatus;Gedikli village, Kozan, Adana, Turkey;27.04.2014;female;Anatolian;Anatolian_female;70.95;12.84;6.09;6.08;15.15;23.8;3.88;2.89;3.17;4.55;3.38;1.32;8.16;4.55;7.03;1.86;3.02;2.65;2.28;17;12;7;7;32;45;8;6
Heremites vittatus;Gedikli village, Kozan, Adana, Turkey;27.04.2014;female;Anatolian;Anatolian_female;62.07;12.38;6.71;5.46;14.26;22.3;3.75;2.53;3.23;4.67;3.25;1.34;7.02;4.49;6.6;1.75;2.66;2.19;2.22;15;11;7;7;32;41;10;7
Heremites vittatus;Gedikli village, Kozan, Adana, Turkey;27.04.2014;female;Anatolian;Anatolian_female;63.98;12.38;6.62;5.22;12.66;22.71;3.54;3.05;3.29;4.1;3.93;0.95;7.64;3.93;6.56;1.61;2.33;2.12;2.05;16;13;8;7;30;40;8;6
Heremites vittatus;Bizgili village, Köse, Gümüþhane, Turkey;13.07.2014;female;Anatolian;Anatolian_female;86.36;13.77;10.2;7.93;17.69;27.71;3.05;3.81;3.91;5.63;4.06;1.73;7.83;4.36;8.37;1.99;3.33;2.85;2.5;17;11;7;7;31;42;8;5
Heremites vittatus;Bizgili village, Köse, Gümüþhane, Turkey;13.07.2014;female;Anatolian;Anatolian_female;81.54;13.57;9.02;5.83;17.75;26.61;3.19;3.83;4.13;5.32;4.03;1.56;7.55;4.23;8.21;1.9;3.41;2.9;2.37;17;12;7;7;30;41;8;5
Heremites vittatus;Uzuncaburç, Silifke, Mersin, Turkey;5.05.1995;female;Anatolian;Anatolian_female;75.57;14;7.9;5.98;16.19;23.43;4.08;3.09;3.62;5.15;3.77;1.76;8.53;4.99;7.37;1.92;3.2;2.2;2.56;16;11;7;7;32;40;8;6
Heremites vittatus;Uzuncaburç, Silifke, Mersin, Turkey;5.05.1995;female;Anatolian;Anatolian_female;64.16;12.39;7.31;5.21;14.5;22.01;3.6;2.75;3.42;4.65;4.01;1.37;9.56;4.96;7.3;1.75;2.58;2.2;2.32;17;12;7;7;32;41;8;6
Heremites vittatus;Uzuncaburç, Silifke, Mersin, Turkey;5.05.1995;female;Anatolian;Anatolian_female;61.87;12.21;7.16;5.36;13.42;21.76;3.73;2.86;3.4;4.31;3.32;1.47;7.42;3.92;6.67;1.4;2.76;2.25;2.29;16;11;7;7;31;43;8;6
Heremites vittatus;Uzuncaburç, Silifke, Mersin, Turkey;5.05.1995;female;Anatolian;Anatolian_female;88.16;15.1;9.19;6.84;18.51;27.64;4.67;3.48;3.92;5.34;4.15;1.57;8.8;4.57;8.42;1.91;3.28;3.02;2.61;16;11;7;7;32;42;8;6
Heremites vittatus;between Fýndýkpýnarý and Arslanköy 6. km, Mersin, Turkey;8.05.2002;female;Anatolian;Anatolian_female;70.48;13.72;8.11;6.53;16.77;26.6;3.92;3.39;4.07;5.23;3.23;1.8;8.51;4.51;7.78;1.57;3.26;2.82;2.23;17;11;7;7;33;44;8;6
Heremites vittatus;between Zeyne and Gülnar 85. km, Mersin, Turkey;10.05.2013;female;Anatolian;Anatolian_female;77.51;13.17;7.95;6.37;16.02;25.22;4.12;3.63;3.28;5.23;3.79;1.64;8.89;4.13;7.59;1.87;3.65;2.85;2.25;17;12;7;7;32;42;8;6
Heremites vittatus;Kuzucubelen, Mersin, Turkey;1.06.2013;female;Anatolian;Anatolian_female;69.31;12.6;8.01;6.32;13.88;22.74;3.56;3.23;3.34;4.99;3.33;1.52;7.79;4;7.37;1.88;3.41;2.38;2.25;18;12;6;7;31;42;10;6
Heremites vittatus;Namrun, Tarsus, Mersin, Turkey;17.05.1987;female;Anatolian;Anatolian_female;89.34;14.35;7.64;6.68;17.77;28.11;4.55;3.55;3.25;5.2;4.43;1.24;9.48;4.66;8.16;1.43;3.35;2.76;2.76;16;11;6;7;32;44;10;7
Heremites vittatus;Aydýncýk, Mersin, Turkey;13.04.1987;female;Anatolian;Anatolian_female;68.19;12.98;6.51;5.8;14.68;23.15;3.85;2.86;3.34;4.12;3.43;1.41;7.56;3.61;7.21;1.8;2.93;2.68;2.24;16;12;7;7;33;43;8;6
Heremites vittatus;Boðusak island, Silifke, Mersin, Turkey;11.04.1987;female;Anatolian;Anatolian_female;78.02;13.98;8.05;6.65;16.93;26.88;4.09;3.37;3.82;4.8;3.4;1.75;8.85;4.52;8;1.86;3.65;2.31;2.73;17;11;7;7;32;47;8;6
Heremites vittatus;Boðusak island, Silifke, Mersin, Turkey;11.04.1987;female;Anatolian;Anatolian_female;81.12;15.02;8.46;6.75;17.98;26.71;3.94;3.4;4.11;5.03;3.98;1.48;8.54;3.77;8.03;1.72;3.16;2.67;2.82;18;12;7;7;32;45;8;7
Heremites vittatus;Kozanlý, Mersin, Turkey;22.08.1994;female;Anatolian;Anatolian_female;75.87;13.6;6.68;5.38;17.35;26.94;4.05;3.27;3.42;4.35;3.61;1.41;9.1;4.38;7.82;1.87;3.09;2.05;2.27;16;12;7;7;32;44;10;6
Heremites vittatus;Kozanlý, Mersin, Turkey;22.08.1994;female;Anatolian;Anatolian_female;62.92;12.36;7.05;5.68;15.22;24.06;3.75;2.61;3.36;4.16;3.42;1.75;8.78;3.88;6.93;1.97;2.87;2.23;2.33;18;12;7;7;31;42;10;6
Heremites vittatus;Kýrobasý, Mersin, Turkey;21.05.1999;female;Anatolian;Anatolian_female;87.22;15.05;7.92;6.42;17.18;25.27;4.65;3.56;3.72;4.78;4.1;1.06;8.18;4.26;8.18;1.65;3.43;2.63;2.72;16;12;7;7;32;42;8;6
Heremites vittatus;Kýrobasý, Mersin, Turkey;21.05.1999;female;Anatolian;Anatolian_female;69.01;12.96;7.31;5.98;13.66;21.97;3.97;3.01;3.37;4.43;3.72;1.2;7.27;3.14;7.27;1.44;2.72;2.58;2.27;17;11;7;7;30;40;8;6
Heremites vittatus;Akkova, between Gülnar and Ermenek 20. km, Mersin, Turkey;22.05.1999;female;Anatolian;Anatolian_female;61.97;11.67;6.11;4.89;12.86;20.73;3.1;2.9;2.9;3.91;3.15;0.84;7.77;4.13;6.84;1.53;2.63;2.55;1.95;15;10;7;7;34;44;8;7
Heremites vittatus;Akkova, between Gülnar and Ermenek 20. km, Mersin, Turkey;22.05.1999;female;Anatolian;Anatolian_female;78.27;13.66;8.18;5.22;17.39;26.61;4.48;3.2;3.13;4.58;4.04;0.97;8.06;4.31;7.36;1.75;3.24;2.49;2.36;17;12;6;8;32;42;8;6
Heremites vittatus;Güzelyalý village, Oymapýnar, Manavgat, Antalya, Turkey;27.04.2013;female;Anatolian;Anatolian_female;76.93;13.14;7.96;6.59;16.15;24.16;3.87;2.92;3.52;4.9;4.08;1.47;8.44;3.72;7.55;1.62;3.11;2.5;1.98;16;10;7;6;32;42;8;6
Heremites vittatus;Sertavul Pass, between Mut and Karaman, Turkey;11.05.2013;female;Anatolian;Anatolian_female;75.97;13.23;8.02;6.39;16.09;23.75;3.51;3.44;4;5.34;3.5;1.71;7.56;3.79;7.79;2.51;2.89;2.71;2.45;16;11;7;7;32;44;8;7
Heremites vittatus;Sertavul Pass, between Mut and Karaman, Turkey;11.05.2013;female;Anatolian;Anatolian_female;72.17;11.91;7.29;5.69;14.62;22.67;3.53;3.58;4.5;4.97;3.81;1.47;7.28;4.52;7.26;2.22;2.47;2.64;2.48;17;12;7;7;32;43;8;6
Heremites vittatus;Sertavul Pass, between Mut and Karaman, Turkey;11.05.2013;female;Anatolian;Anatolian_female;70.15;12.4;7.32;6.03;16.39;23.03;3.33;3.43;3.92;4.96;3.64;1.3;7.99;3.88;7.35;2.03;2.9;2.36;2.15;16;11;7;7;33;39;8;6
Heremites vittatus;Sertavul Pass, between Mut and Karaman, Turkey;11.05.2013;female;Anatolian;Anatolian_female;69.91;12.17;7.73;6.01;15.62;21.6;3.02;3.06;3.96;4.74;3.49;1.22;7.7;4.1;7.19;1.56;3.27;2.45;2.22;16;12;7;7;32;41;8;6
Heremites vittatus;Çavuþlugöl, Ilgýn, Konya, Turkey;25.04.2014;female;Anatolian;Anatolian_female;83.77;14.54;9.02;7.79;17.77;28;4.41;3.04;4.16;6.21;3.95;1.58;8.87;5.23;7.86;2.13;3.82;2.78;2.51;16;12;7;7;33;39;8;6
Heremites vittatus;Çavuþlugöl, Ilgýn, Konya, Turkey;25.04.2014;female;Anatolian;Anatolian_female;66.54;12.94;7.68;6.6;15.95;24.06;3.94;2.6;3.5;5.31;4.16;1.4;8.78;5.19;6.97;1.35;3.17;2.7;2.38;15;12;7;7;32;40;8;6
Heremites vittatus;Ýnliceköy, Konya, Turkey;26.04.2014;female;Anatolian;Anatolian_female;82.55;14.02;8.85;6.87;17.23;25.73;4.09;3.08;4.12;5.97;4.09;1.61;9.2;5.4;8.29;1.94;3.47;3.02;2.5;15;11;7;7;30;41;8;6
